image_urls,images,sku
,,
,,
,,
https://secure.img1-fg.wfcdn.com/im/96990424/resize-h800-w800%5Ecompr-r85/4206/42064766/Pieter+Barrel+Chair.jpg,"[{'url': 'https://secure.img1-fg.wfcdn.com/im/96990424/resize-h800-w800%5Ecompr-r85/4206/42064766/Pieter+Barrel+Chair.jpg', 'path': 'full/6b132859b47ccfcf61f58b67714bdac2af9f0638.jpg', 'checksum': '4953507facf5ff4a948fa6a6c4ad415e'}]",WLAO2249
https://secure.img1-fg.wfcdn.com/im/72398603/resize-h800-w800%5Ecompr-r85/4912/49125630/Ortrud+Lounge+Chair.jpg,"[{'url': 'https://secure.img1-fg.wfcdn.com/im/72398603/resize-h800-w800%5Ecompr-r85/4912/49125630/Ortrud+Lounge+Chair.jpg', 'path': 'full/17b918ba47afe28714c2176bd9fd36d2802abbe6.jpg', 'checksum': 'b7d720ff13e721e0117daa239004e351'}]",W001980427
https://secure.img1-fg.wfcdn.com/im/03567632/resize-h800-w800%5Ecompr-r85/8717/87170181/Rotterdam+22.5%2522+Armchair.jpg,"[{'url': 'https://secure.img1-fg.wfcdn.com/im/03567632/resize-h800-w800%5Ecompr-r85/8717/87170181/Rotterdam+22.5%2522+Armchair.jpg', 'path': 'full/20d8911d58194349aa1a96fa835f8628aa22f71e.jpg', 'checksum': 'adfa4d80e01ea1d9cd1c515899c3f937'}]",W001679766
https://secure.img1-fg.wfcdn.com/im/96979865/resize-h800-w800%5Ecompr-r85/3881/38817809/Decker+Papasan+Chair.jpg,"[{'url': 'https://secure.img1-fg.wfcdn.com/im/96979865/resize-h800-w800%5Ecompr-r85/3881/38817809/Decker+Papasan+Chair.jpg', 'path': 'full/dee561c274b66c50f404d071c2ce9b687645fde5.jpg', 'checksum': '788cbab4b54d59908925c228ec5eb3cb'}]",BCMH2016
https://secure.img1-fg.wfcdn.com/im/54099581/resize-h800-w800%5Ecompr-r85/6267/62678184/Ronald+Armchair.jpg,"[{'url': 'https://secure.img1-fg.wfcdn.com/im/54099581/resize-h800-w800%5Ecompr-r85/6267/62678184/Ronald+Armchair.jpg', 'path': 'full/73d73eb6d376e9e08f63f024b562678f5fbf4f49.jpg', 'checksum': 'a95c713ea084da57ae54c55982a6cfb6'}]",W001079210
https://secure.img1-fg.wfcdn.com/im/86915676/resize-h800-w800%5Ecompr-r85/7278/72785040/Garren+22.4%2522+Club+Chair.jpg,"[{'url': 'https://secure.img1-fg.wfcdn.com/im/86915676/resize-h800-w800%5Ecompr-r85/7278/72785040/Garren+22.4%2522+Club+Chair.jpg', 'path': 'full/d6f61fa5804d026ed40284edaf65f51888134608.jpg', 'checksum': 'b8a5937570fe6361036e82f65887d294'}]",MROW8008
https://secure.img1-fg.wfcdn.com/im/07304236/resize-h800-w800%5Ecompr-r85/7305/73051094/Ivo+30%2522+Wingback+Chair.jpg,"[{'url': 'https://secure.img1-fg.wfcdn.com/im/07304236/resize-h800-w800%5Ecompr-r85/7305/73051094/Ivo+30%2522+Wingback+Chair.jpg', 'path': 'full/d776f7e83d0ef2c900254b77b00d4c51328e34f2.jpg', 'checksum': 'bdbf677382753ce19a02836201277d9a'}]",W001833601
https://secure.img1-fg.wfcdn.com/im/51574595/resize-h800-w800%5Ecompr-r85/2915/29157811/Eytel+Armchair.jpg,"[{'url': 'https://secure.img1-fg.wfcdn.com/im/51574595/resize-h800-w800%5Ecompr-r85/2915/29157811/Eytel+Armchair.jpg', 'path': 'full/fbd6a6c4d4632c580bc14aa76e19608c14f9da3a.jpg', 'checksum': '80713307151953ba5e29c3fc31baf34a'}]",LGLY2352
https://secure.img1-fg.wfcdn.com/im/20947955/resize-h800-w800%5Ecompr-r85/6617/66175160/Casanova+Armchair.jpg,"[{'url': 'https://secure.img1-fg.wfcdn.com/im/20947955/resize-h800-w800%5Ecompr-r85/6617/66175160/Casanova+Armchair.jpg', 'path': 'full/c0353001f2cf080de4cf390d8ca83e12c7908df0.jpg', 'checksum': 'a7f67e3e3b063ba33be2eb756f2d3d02'}]",W000453486
https://secure.img1-fg.wfcdn.com/im/88213753/resize-h800-w800%5Ecompr-r85/3597/35977052/Heywood+24%2522+Armchair+and+Ottoman.jpg,"[{'url': 'https://secure.img1-fg.wfcdn.com/im/88213753/resize-h800-w800%5Ecompr-r85/3597/35977052/Heywood+24%2522+Armchair+and+Ottoman.jpg', 'path': 'full/4ed31c5177b19b3a0c7fd88633e17a0dc07c9770.jpg', 'checksum': '3e61e2981c6a32a9848cb7a1b7a65e96'}]",WRLO1179
https://secure.img1-fg.wfcdn.com/im/40315215/resize-h800-w800%5Ecompr-r85/7354/73544007/Borst+29%2522+Armchair.jpg,"[{'url': 'https://secure.img1-fg.wfcdn.com/im/40315215/resize-h800-w800%5Ecompr-r85/7354/73544007/Borst+29%2522+Armchair.jpg', 'path': 'full/dd699a7350ccd998277a08b9f3a4f2af51b9dd96.jpg', 'checksum': '1004a2946036516731236dc7c7d17af6'}]",MCRW4166
https://secure.img1-fg.wfcdn.com/im/48648804/resize-h800-w800%5Ecompr-r85/4371/43715373/Clopton+21.5%2522+Armchair.jpg,"[{'url': 'https://secure.img1-fg.wfcdn.com/im/48648804/resize-h800-w800%5Ecompr-r85/4371/43715373/Clopton+21.5%2522+Armchair.jpg', 'path': 'full/e786b59c8ecb4c89b14105715fc66392fd16c0d9.jpg', 'checksum': 'c66a1e6c47f81686332513879364dc93'}]",W002769569
,,
https://secure.img1-fg.wfcdn.com/im/30968558/resize-h800-w800%5Ecompr-r85/7810/78102098/Braelynn+Armchair.jpg,"[{'url': 'https://secure.img1-fg.wfcdn.com/im/30968558/resize-h800-w800%5Ecompr-r85/7810/78102098/Braelynn+Armchair.jpg', 'path': 'full/d1832a11e4a919edcafe380023ef1053eb405773.jpg', 'checksum': '849fb697b6d2b54c85a7f8c09da5fea9'}]",W001785242
https://secure.img1-fg.wfcdn.com/im/65736084/resize-h800-w800%5Ecompr-r85/7514/75148549/Ashburn+Armchair.jpg,"[{'url': 'https://secure.img1-fg.wfcdn.com/im/65736084/resize-h800-w800%5Ecompr-r85/7514/75148549/Ashburn+Armchair.jpg', 'path': 'full/db8620abbabf19b82ae0ab3319e086a25ff397e7.jpg', 'checksum': 'c9019815c06e5e049b7c9719bdbf9064'}]",W000907155
https://secure.img1-fg.wfcdn.com/im/01438238/resize-h800-w800%5Ecompr-r85/3416/34164528/Colfax+Armchair.jpg,"[{'url': 'https://secure.img1-fg.wfcdn.com/im/01438238/resize-h800-w800%5Ecompr-r85/3416/34164528/Colfax+Armchair.jpg', 'path': 'full/3e7118a2138da08c7d97a16f20b89243a38fdf8e.jpg', 'checksum': '02e113efb75777a2d72308c6bc2139f7'}]",W002092834
https://secure.img1-fg.wfcdn.com/im/01280316/resize-h800-w800%5Ecompr-r85/4266/42660816/Zubair+Wingback+Armchair.jpg,"[{'url': 'https://secure.img1-fg.wfcdn.com/im/01280316/resize-h800-w800%5Ecompr-r85/4266/42660816/Zubair+Wingback+Armchair.jpg', 'path': 'full/6d0cf41b4a955f8c28a1c95f2cd7733ea708a343.jpg', 'checksum': 'f95b71bcb5aa0984c69e630ab23c4a74'}]",W000546290
https://secure.img1-fg.wfcdn.com/im/78394502/resize-h800-w800%5Ecompr-r85/5823/58234328/Merlino+Chambers+Upholstered+Dining+Chair.jpg,"[{'url': 'https://secure.img1-fg.wfcdn.com/im/78394502/resize-h800-w800%5Ecompr-r85/5823/58234328/Merlino+Chambers+Upholstered+Dining+Chair.jpg', 'path': 'full/5255ecc0f7d2689479996aedf46f920a2f59e74f.jpg', 'checksum': '87289c9f781e1fbf7fa9980587f2e3c7'}]",W000646198
https://secure.img1-fg.wfcdn.com/im/09344366/resize-h800-w800%5Ecompr-r85/6838/68383481/Barnkine+Slipper+Chair.jpg,"[{'url': 'https://secure.img1-fg.wfcdn.com/im/09344366/resize-h800-w800%5Ecompr-r85/6838/68383481/Barnkine+Slipper+Chair.jpg', 'path': 'full/ba2886b18790d1e4d72cd9694666c891347b488f.jpg', 'checksum': 'dc1998eba32e37ab4572a73191a3db85'}]",ARGD1345
https://secure.img1-fg.wfcdn.com/im/63397164/resize-h800-w800%5Ecompr-r85/5345/53457014/Lavaca+Swivel+22%2522+Barrel+Chair.jpg,"[{'url': 'https://secure.img1-fg.wfcdn.com/im/63397164/resize-h800-w800%5Ecompr-r85/5345/53457014/Lavaca+Swivel+22%2522+Barrel+Chair.jpg', 'path': 'full/319f043594d73796be327dda566ee117e3043114.jpg', 'checksum': '95cf0ddc103b92f559240e261ad6ddfe'}]",W001079997
https://secure.img1-fg.wfcdn.com/im/85279051/resize-h800-w800%5Ecompr-r85/4129/41294356/Chagoya+Armchair.jpg,"[{'url': 'https://secure.img1-fg.wfcdn.com/im/85279051/resize-h800-w800%5Ecompr-r85/4129/41294356/Chagoya+Armchair.jpg', 'path': 'full/c308d154b62eb3aa35a9e7c3dc1f949c1a20cccb.jpg', 'checksum': '6b8ed8964d1b2653949c7f7b511cdf60'}]",W001517781
https://secure.img1-fg.wfcdn.com/im/32448386/resize-h800-w800%5Ecompr-r85/2654/26541715/Sherwood+Parsons+Upholstered+Dining+Chair.jpg,"[{'url': 'https://secure.img1-fg.wfcdn.com/im/32448386/resize-h800-w800%5Ecompr-r85/2654/26541715/Sherwood+Parsons+Upholstered+Dining+Chair.jpg', 'path': 'full/0d91f276f7963e133a566a0780b796e4f1cb3658.jpg', 'checksum': '14f74fb33c91197302803152b13c00d5'}]",LGLY5936
https://secure.img1-fg.wfcdn.com/im/77494927/resize-h800-w800%5Ecompr-r85/5654/56544895/Beahm+Swivel+Barrel+Chair.jpg,"[{'url': 'https://secure.img1-fg.wfcdn.com/im/77494927/resize-h800-w800%5Ecompr-r85/5654/56544895/Beahm+Swivel+Barrel+Chair.jpg', 'path': 'full/a96a0ecc8c3d6f7eb137628b15e5df81bf5c3593.jpg', 'checksum': '9d14ef50b9633e16df4ab268ffbe0047'}]",W000251246
https://secure.img1-fg.wfcdn.com/im/48767502/resize-h800-w800%5Ecompr-r85/6688/66884038/Janiyah+Slipper+Chair.jpg,"[{'url': 'https://secure.img1-fg.wfcdn.com/im/48767502/resize-h800-w800%5Ecompr-r85/6688/66884038/Janiyah+Slipper+Chair.jpg', 'path': 'full/f25b464f79c71a9f9d76e0189d59581ecaf0b5d2.jpg', 'checksum': 'a558242a68fea94ff7b3e64737c7d031'}]",IVYB8084
https://secure.img1-fg.wfcdn.com/im/65187984/resize-h800-w800%5Ecompr-r85/5540/55403886/Langridge+Swivel+Barrel+Chair.jpg,"[{'url': 'https://secure.img1-fg.wfcdn.com/im/65187984/resize-h800-w800%5Ecompr-r85/5540/55403886/Langridge+Swivel+Barrel+Chair.jpg', 'path': 'full/7ed73352de711353e9e777e657de072dbcc73a36.jpg', 'checksum': 'd573903b754e25fa1caebeb6be7bb1a2'}]",STMH1025
https://secure.img1-fg.wfcdn.com/im/65396278/resize-h800-w800%5Ecompr-r85/6969/69699150/Cohasset+Swivel+Barrel+Chair.jpg,"[{'url': 'https://secure.img1-fg.wfcdn.com/im/65396278/resize-h800-w800%5Ecompr-r85/6969/69699150/Cohasset+Swivel+Barrel+Chair.jpg', 'path': 'full/a571da316920e446694cdec8de9ea0f484878e4f.jpg', 'checksum': '2370babfc51824285afe77a1f9e9abf2'}]",W001059401
https://secure.img1-fg.wfcdn.com/im/90221947/resize-h800-w800%5Ecompr-r85/7241/72417201/Java+Upholstered+Dining+Chair.jpg,"[{'url': 'https://secure.img1-fg.wfcdn.com/im/90221947/resize-h800-w800%5Ecompr-r85/7241/72417201/Java+Upholstered+Dining+Chair.jpg', 'path': 'full/d29305124444131047f6ad6649486f4e8c3eddfd.jpg', 'checksum': '70d7c35656df01571db69fdc52c8c736'}]",W001588360
https://secure.img1-fg.wfcdn.com/im/18868334/resize-h800-w800%5Ecompr-r85/3665/36651392/Meier+24%2522+Armchair.jpg,"[{'url': 'https://secure.img1-fg.wfcdn.com/im/18868334/resize-h800-w800%5Ecompr-r85/3665/36651392/Meier+24%2522+Armchair.jpg', 'path': 'full/956d91173fad7d0e07fbc9274843a2717e564c2a.jpg', 'checksum': '9ba05975ed770e27a368b6210433c0de'}]",MROW8767
https://secure.img1-fg.wfcdn.com/im/82537816/resize-h800-w800%5Ecompr-r85/9976/99761812/Olson+Armchair.jpg,"[{'url': 'https://secure.img1-fg.wfcdn.com/im/82537816/resize-h800-w800%5Ecompr-r85/9976/99761812/Olson+Armchair.jpg', 'path': 'full/5accbd4f76e3373f70b3d6dc3ba3e0ac8a277a99.jpg', 'checksum': '6d8a88c7eaee6dd7b9f9e52ec2ce4ed9'}]",ALCT8431
https://secure.img1-fg.wfcdn.com/im/22277072/resize-h800-w800%5Ecompr-r85/6566/65664895/Channel+Courtright+26.2%2522+Armchair.jpg,"[{'url': 'https://secure.img1-fg.wfcdn.com/im/22277072/resize-h800-w800%5Ecompr-r85/6566/65664895/Channel+Courtright+26.2%2522+Armchair.jpg', 'path': 'full/789de617c2ebe85c87959e2b8044d639e9ad0113.jpg', 'checksum': '787ef1429069b5b1f329cac0021bc434'}]",W001787750
https://secure.img1-fg.wfcdn.com/im/57191085/resize-h800-w800%5Ecompr-r85/5292/52922217/Bouck+21%2527%2527+Wingback+Chair.jpg,"[{'url': 'https://secure.img1-fg.wfcdn.com/im/57191085/resize-h800-w800%5Ecompr-r85/5292/52922217/Bouck+21%2527%2527+Wingback+Chair.jpg', 'path': 'full/426929eafcfb8a87f77f84a8f9c037a96ab3f12b.jpg', 'checksum': '9d4ae51ee6212ddd496d4a2f27c46976'}]",WRLO7222
https://secure.img1-fg.wfcdn.com/im/34005850/resize-h800-w800%5Ecompr-r85/1067/106778097/Oday+Wingback+Chair.jpg,"[{'url': 'https://secure.img1-fg.wfcdn.com/im/34005850/resize-h800-w800%5Ecompr-r85/1067/106778097/Oday+Wingback+Chair.jpg', 'path': 'full/603c34fa4cf6c680dfc4d8b151fe791f10bb3a31.jpg', 'checksum': '280913c368b1cd61ea68abb7c25799fb'}]",ALTL2466
https://secure.img1-fg.wfcdn.com/im/61278869/resize-h800-w800%5Ecompr-r85/5792/57925246/Roswell+Lounge+Chair.jpg,"[{'url': 'https://secure.img1-fg.wfcdn.com/im/61278869/resize-h800-w800%5Ecompr-r85/5792/57925246/Roswell+Lounge+Chair.jpg', 'path': 'full/a0c10d6cdba800b472c4588e158b88cbeb65338a.jpg', 'checksum': '64d41ea5f3f9538d9758e24da7ec1f67'}]",LGLY3146
https://secure.img1-fg.wfcdn.com/im/85133574/resize-h800-w800%5Ecompr-r85/5180/51803521/Altigarron+Swivel+Side+Chair.jpg,"[{'url': 'https://secure.img1-fg.wfcdn.com/im/85133574/resize-h800-w800%5Ecompr-r85/5180/51803521/Altigarron+Swivel+Side+Chair.jpg', 'path': 'full/dc2a8dac3d7648c10ecdbd9ca83f143ccfeab443.jpg', 'checksum': 'dc6a1c3595c5d220bafcca1c3dd3947b'}]",LGLY2525
https://secure.img1-fg.wfcdn.com/im/66310000/resize-h800-w800%5Ecompr-r85/4168/41684411/Yokota+Slipper+Chair.jpg,"[{'url': 'https://secure.img1-fg.wfcdn.com/im/66310000/resize-h800-w800%5Ecompr-r85/4168/41684411/Yokota+Slipper+Chair.jpg', 'path': 'full/304e3ae8f566d45247049cb884e1defec070dddd.jpg', 'checksum': '1ac5b575eccd116626496a1ba3021533'}]",HLDS3764
https://secure.img1-fg.wfcdn.com/im/22204181/resize-h800-w800%5Ecompr-r85/5827/58277960/Amet+21.5%2522+Armchair.jpg,"[{'url': 'https://secure.img1-fg.wfcdn.com/im/22204181/resize-h800-w800%5Ecompr-r85/5827/58277960/Amet+21.5%2522+Armchair.jpg', 'path': 'full/005b58d607ed8a0d0e1c8956615792347ab81f6c.jpg', 'checksum': '094c6c5014d1c4b1f6d2870c60eebde3'}]",TRNT4293
https://secure.img1-fg.wfcdn.com/im/72180661/resize-h800-w800%5Ecompr-r85/8968/89686854/DeMastro+Upholstered+Dining+Chair.jpg,"[{'url': 'https://secure.img1-fg.wfcdn.com/im/72180661/resize-h800-w800%5Ecompr-r85/8968/89686854/DeMastro+Upholstered+Dining+Chair.jpg', 'path': 'full/4e86bf0c556b4729cc56c58d40bba69cd9156f6c.jpg', 'checksum': '164dcb592199b0569134fb75820ce279'}]",ANDV4710
https://secure.img1-fg.wfcdn.com/im/71029008/resize-h800-w800%5Ecompr-r85/2871/28713365/Carncome+Armchair.jpg,"[{'url': 'https://secure.img1-fg.wfcdn.com/im/71029008/resize-h800-w800%5Ecompr-r85/2871/28713365/Carncome+Armchair.jpg', 'path': 'full/913cb11dc13944d082066ac59d8dd634197616c7.jpg', 'checksum': '019546e2f69ce8bc7e665d4d475b2c62'}]",LGLY2590
https://secure.img1-fg.wfcdn.com/im/29796632/resize-h800-w800%5Ecompr-r85/2685/26853636/Stockton+Parsons+Chair.jpg,"[{'url': 'https://secure.img1-fg.wfcdn.com/im/29796632/resize-h800-w800%5Ecompr-r85/2685/26853636/Stockton+Parsons+Chair.jpg', 'path': 'full/5bfd1b60074fa2069c2466577c8b2caedd8fe7aa.jpg', 'checksum': '9bb47ec76548cd67034436c6a7e3e411'}]",W000064552
https://secure.img1-fg.wfcdn.com/im/46989005/resize-h800-w800%5Ecompr-r85/7116/71167433/Armchair.jpg,"[{'url': 'https://secure.img1-fg.wfcdn.com/im/46989005/resize-h800-w800%5Ecompr-r85/7116/71167433/Armchair.jpg', 'path': 'full/f054883d61b0cb3efc80e0be516029e5906ca40e.jpg', 'checksum': '598806112986464a93a30f7ac4766d08'}]",W002845396
https://secure.img1-fg.wfcdn.com/im/16201515/resize-h800-w800%5Ecompr-r85/7546/75463403/Levick+Armchair.jpg,"[{'url': 'https://secure.img1-fg.wfcdn.com/im/16201515/resize-h800-w800%5Ecompr-r85/7546/75463403/Levick+Armchair.jpg', 'path': 'full/05c540317527fa5ddb2da065dd1339d147f1788e.jpg', 'checksum': '939eb80102e8c62eb88b6d6ce5c47743'}]",VKGL3364
https://secure.img1-fg.wfcdn.com/im/84578977/resize-h800-w800%5Ecompr-r85/3829/38297603/Canchola+Armchair.jpg,"[{'url': 'https://secure.img1-fg.wfcdn.com/im/84578977/resize-h800-w800%5Ecompr-r85/3829/38297603/Canchola+Armchair.jpg', 'path': 'full/4773c366cd8e2a429fe2b44ceb01e3a1ae1278e8.jpg', 'checksum': '816693f43a60194074c7813ea149d36c'}]",W001569528
https://secure.img1-fg.wfcdn.com/im/78131929/resize-h800-w800%5Ecompr-r85/5460/54601350/Alec+Upholstered+Dining+Chair.jpg,"[{'url': 'https://secure.img1-fg.wfcdn.com/im/78131929/resize-h800-w800%5Ecompr-r85/5460/54601350/Alec+Upholstered+Dining+Chair.jpg', 'path': 'full/6b28e6fe7dfd98c610eea85291a2602605f43266.jpg', 'checksum': '9a34860e3b221ec0c7b2c4a0e3866743'}]",W002898973
https://secure.img1-fg.wfcdn.com/im/33715381/resize-h800-w800%5Ecompr-r85/8839/88394244/Marta+Barrel+Chair.jpg,"[{'url': 'https://secure.img1-fg.wfcdn.com/im/33715381/resize-h800-w800%5Ecompr-r85/8839/88394244/Marta+Barrel+Chair.jpg', 'path': 'full/680fa2a07ea39ada59008b29c93cbc52cf759934.jpg', 'checksum': '004a440852751fe5bcf2aee7a0511fbb'}]",LFMF3347
https://secure.img1-fg.wfcdn.com/im/87907658/resize-h800-w800%5Ecompr-r85/6006/60068100/Southbridge+Armchair.jpg,"[{'url': 'https://secure.img1-fg.wfcdn.com/im/87907658/resize-h800-w800%5Ecompr-r85/6006/60068100/Southbridge+Armchair.jpg', 'path': 'full/34a04d947d0e11c77b3b4deb06b44411f638fab2.jpg', 'checksum': '462e677241ffca70ef3249e73a5c7c61'}]",PCKE2110
https://secure.img1-fg.wfcdn.com/im/26795694/resize-h800-w800%5Ecompr-r85/1008/100882105/Catalina+23.6%2522+Armchair.jpg,"[{'url': 'https://secure.img1-fg.wfcdn.com/im/26795694/resize-h800-w800%5Ecompr-r85/1008/100882105/Catalina+23.6%2522+Armchair.jpg', 'path': 'full/69617ea44cd6efe7d837dfee1258e47ec2709cea.jpg', 'checksum': 'b38128bbfeedc63c6f5223dfef1c993a'}]",W001832062
https://secure.img1-fg.wfcdn.com/im/26018559/resize-h800-w800%5Ecompr-r85/9327/93272809/Dassel+Modern+Grey+Dining+Chair.jpg,"[{'url': 'https://secure.img1-fg.wfcdn.com/im/26018559/resize-h800-w800%5Ecompr-r85/9327/93272809/Dassel+Modern+Grey+Dining+Chair.jpg', 'path': 'full/62a439bbd607ce16bd057d78e2f21b28499fa489.jpg', 'checksum': '3800c1274e2d9778fba29c5e5fd746b3'}]",W002122251
https://secure.img1-fg.wfcdn.com/im/78896868/resize-h800-w800%5Ecompr-r85/1058/105847352/Modern+Contemporary+Dark+Grey+Lounge+Chair+%257C+Lex.jpg,"[{'url': 'https://secure.img1-fg.wfcdn.com/im/78896868/resize-h800-w800%5Ecompr-r85/1058/105847352/Modern+Contemporary+Dark+Grey+Lounge+Chair+%257C+Lex.jpg', 'path': 'full/472a4ec1b7beb9cb54cb83b90ddcb6d8422e72c7.jpg', 'checksum': '918b6c40b11637969902ac3da4bce19d'}]",W000207842
https://secure.img1-fg.wfcdn.com/im/95712569/resize-h800-w800%5Ecompr-r85/7031/70310919/Martens+Armchair.jpg,"[{'url': 'https://secure.img1-fg.wfcdn.com/im/95712569/resize-h800-w800%5Ecompr-r85/7031/70310919/Martens+Armchair.jpg', 'path': 'full/cda30870e23e330725f2c18543b32446a537143b.jpg', 'checksum': 'f14b6f47a3a7f5bf091aadeb89cff167'}]",W001480010
